{"ae_threshold": 0.13125839829444885, "fusion_weight_ae": 0.16999999999999998}