{"ae_threshold": 0.03617635741829872, "fusion_weight_ae": 0.15000000000000002}