{"ae_threshold": 0.12821699678897858, "fusion_weight_ae": 0.06000000000000001}